1,القاهره
2,الجيزه
3,الاسكندريه
4,الغربيه
5,دمنهور
6,المنوفيه
7,الدقهليه
8,الشرقيه
9,دمياط
10,السويس
11,الاسماعيليه
12,بورسعيد
13,العريش
14,بني سويف
15,المنيا
16,اسيوط
17,سوهاج
18,الاقصر
19,قنا
20,اسوان
21,القليوبيه
22,البحر الاحمر
23,الوادي الجديد
24,مرسي مطروح
25,شمال سيناء
26,جنوب سيناء
27,كفر الشيخ
28,البحيره
29,الفيوم
30,القاهره - المدينه
31,القاهره - مصر الجديده - مكتب
32,القاهره - عين شمس و مصر الجديده
33,القاهره - مدينه نصر
34,القاهره - وسط البلد
35,القاهره - قصر النيل
36,القاهره - مصر القديمه
37,القاهره - مدينه السلام
38,القاهره - الازهر
39,القاهره - الاميريه
40,القاهره - البساتين
41,القاهره - التبين
42,القاهره - الخليفه
43,القاهره - الساحل
44,القاهره - السلام
45,القاهره - السيده زينب
46,القاهره - الشرابيه
47,القاهره - العجوزه
48,القاهره - القصر العيني
49,القاهره - المرج
50,القاهره - المطريه
51,القاهره - المعادي
52,القاهره - المنيل
53,القاهره - النزهه
54,القاهره - الوايلي
55,القاهره - بولاق
56,القاهره - حدائق القبه
57,القاهره - حلوان
58,القاهره - روض الفرج
59,القاهره - شبرا
60,القاهره - طره
61,القاهره - مدينه 6 اكتوبر
62,القاهره - مدينه 15 مايو
63,الجيزه - المدينه
64,الجيزه - المهندسين
65,الجيزه - الهرم
66,الجيزه - ام المصريين
67,الجيزه - امبابه
68,الاسكندريه - المدينه
69,الغربيه - المدينه
70,الغربيه - سمنود
71,الغربيه - طنطا
72,دمنهور - المدينه
73,المنوفيه - المدينه
74,المنوفيه - شبين الكوم
75,المنوفيه - منوف
76,الدقهليه - المدينه
77,الدقهليه - المنصوره
78,الشرقيه - المدينه
79,الشرقيه - الزقازيق
80,الشرقيه - منيا القمح
81,دمياط - المدينه
82,السويس - المدينه
83,الاسماعيليه - المدينه
84,بورسعيد - المدينه
85,العريش - المدينه
86,بني سويف - المدينه
87,المنيا - المدينه
88,المنيا - سمالوط
89,المنيا - ملوي
90,المنيا - منطقه شلبي
91,اسيوط - المدينه
92,سوهاج - المدينه
93,سوهاج - جرجا
94,سوهاج - ابوتيج
95,الاقصر - المدينه
96,قنا - المدينه
97,قنا - نجع جمادي
98,اسوان - المدينه
99,القليوبيه - المدينه
100,القليوبيه - شبرا الخيمه
101,القليوبيه - بنها
102,البحر الاحمر - المدينه
103,الوادي الجديد - المدينه
104,مرسي مطروح - المدينه
105,شمال سيناء - المدينه
106,جنوب سيناء - المدينه
107,كفر الشيخ - المدينه
108,البحيره - المدينه
109,الفيوم - المدينه
110,الغربيه - المحله
111,جنوب سيناء - شرم الشيخ